{"version":16,"screenWidth":2408,"screenHeight":1080,"scenario":{"scenario":{"id":1,"name":"pjsk剧情","detectionQuality":1346,"randomize":true},"events":[{"event":{"id":1,"scenarioId":1,"name":"阅读剧情","conditionOperator":1,"priority":0,"type":"IMAGE_EVENT","keepDetecting":false},"actions":[{"action":{"id":1,"eventId":1,"name":"点击","type":"CLICK","clickPositionType":"USER_SELECTED","x":1735,"y":552,"pressDuration":125},"intentExtras":[],"eventsToggle":[]},{"action":{"id":67,"eventId":1,"priority":1,"name":"点击（游戏设计问题，连续按一个位置会造成卡顿）","type":"CLICK","clickPositionType":"USER_SELECTED","x":1642,"y":936,"pressDuration":125},"intentExtras":[],"eventsToggle":[]}],"conditions":[{"id":4,"eventId":1,"name":"剧情界面右上角的三个点","type":"ON_IMAGE_DETECTED","priority":0,"path":"Condition_452540593","areaLeft":2211,"areaTop":32,"areaRight":2274,"areaBottom":90,"threshold":20,"detectionType":1,"shouldBeDetected":true},{"id":16,"eventId":1,"name":"第一个选择界面左侧的标志，防误检测条件","type":"ON_IMAGE_DETECTED","priority":1,"path":"Condition_433151294","areaLeft":111,"areaTop":456,"areaRight":217,"areaBottom":630,"threshold":20,"detectionType":1,"shouldBeDetected":false},{"id":17,"eventId":1,"name":"第二个选择界面右上角的标志，防误检测","type":"ON_IMAGE_DETECTED","priority":2,"path":"Condition_553149735","areaLeft":2075,"areaTop":38,"areaRight":2127,"areaBottom":87,"threshold":4,"detectionType":1,"shouldBeDetected":false}]},{"event":{"id":7,"scenarioId":1,"name":"切换剧情","conditionOperator":1,"priority":1,"type":"IMAGE_EVENT","keepDetecting":false},"actions":[{"action":{"id":49,"eventId":7,"name":"点击","type":"CLICK","clickPositionType":"USER_SELECTED","x":472,"y":753,"pressDuration":200},"intentExtras":[],"eventsToggle":[]},{"action":{"id":50,"eventId":7,"priority":1,"name":"延迟","type":"PAUSE","pauseDuration":3000},"intentExtras":[],"eventsToggle":[]},{"action":{"id":51,"eventId":7,"priority":2,"name":"点击","type":"CLICK","clickPositionType":"USER_SELECTED","x":1969,"y":994,"pressDuration":200},"intentExtras":[],"eventsToggle":[]},{"action":{"id":52,"eventId":7,"priority":3,"name":"延迟","type":"PAUSE","pauseDuration":3000},"intentExtras":[],"eventsToggle":[]},{"action":{"id":53,"eventId":7,"priority":4,"name":"点击","type":"CLICK","clickPositionType":"USER_SELECTED","x":1766,"y":338,"pressDuration":200},"intentExtras":[],"eventsToggle":[]},{"action":{"id":54,"eventId":7,"priority":5,"name":"延迟","type":"PAUSE","pauseDuration":3000},"intentExtras":[],"eventsToggle":[]},{"action":{"id":55,"eventId":7,"priority":6,"name":"点击","type":"CLICK","clickPositionType":"USER_SELECTED","x":995,"y":701,"pressDuration":200},"intentExtras":[],"eventsToggle":[]},{"action":{"id":56,"eventId":7,"priority":7,"name":"延迟","type":"PAUSE","pauseDuration":3000},"intentExtras":[],"eventsToggle":[]},{"action":{"id":57,"eventId":7,"priority":8,"name":"点击","type":"CLICK","clickPositionType":"USER_SELECTED","x":1213,"y":813,"pressDuration":200},"intentExtras":[],"eventsToggle":[]}],"conditions":[{"id":14,"eventId":7,"name":"第一个选择界面左侧的标志，","type":"ON_IMAGE_DETECTED","priority":0,"path":"Condition_433151294","areaLeft":111,"areaTop":456,"areaRight":217,"areaBottom":630,"threshold":20,"detectionType":1,"shouldBeDetected":true},{"id":15,"eventId":7,"name":"过剧情标准","type":"ON_IMAGE_DETECTED","priority":1,"path":"Condition_452540593","areaLeft":2211,"areaTop":32,"areaRight":2274,"areaBottom":90,"threshold":6,"detectionType":1,"shouldBeDetected":false},{"id":18,"eventId":7,"name":"第二个选择界面右上角的标志","type":"ON_IMAGE_DETECTED","priority":2,"path":"Condition_553149735","areaLeft":2075,"areaTop":38,"areaRight":2127,"areaBottom":87,"threshold":4,"detectionType":1,"shouldBeDetected":false}]},{"event":{"id":8,"scenarioId":1,"name":"领取奖励（这个条件就不标明位置了，很明显了属于是）","conditionOperator":1,"priority":2,"type":"IMAGE_EVENT","keepDetecting":false},"actions":[{"action":{"id":58,"eventId":8,"name":"点击","type":"CLICK","clickPositionType":"USER_SELECTED","x":1213,"y":992,"pressDuration":125},"intentExtras":[],"eventsToggle":[]},{"action":{"id":59,"eventId":8,"priority":1,"name":"延迟","type":"PAUSE","pauseDuration":3000},"intentExtras":[],"eventsToggle":[]},{"action":{"id":60,"eventId":8,"priority":2,"name":"点击","type":"CLICK","clickPositionType":"USER_SELECTED","x":808,"y":272,"pressDuration":125},"intentExtras":[],"eventsToggle":[]}],"conditions":[{"id":19,"eventId":8,"name":"默认条件","type":"ON_IMAGE_DETECTED","priority":0,"path":"Condition_743245494","areaLeft":1057,"areaTop":77,"areaRight":1374,"areaBottom":140,"threshold":9,"detectionType":1,"shouldBeDetected":true},{"id":20,"eventId":8,"name":"默认条件","type":"ON_IMAGE_DETECTED","priority":1,"path":"Condition_-1357334160","areaLeft":1119,"areaTop":953,"areaRight":1291,"areaBottom":1018,"threshold":8,"detectionType":1,"shouldBeDetected":true}]},{"event":{"id":9,"scenarioId":1,"name":"回退（从第二个选择界面回退到第一个选择界面）","conditionOperator":1,"priority":3,"type":"IMAGE_EVENT","keepDetecting":false},"actions":[{"action":{"id":65,"eventId":9,"name":"点击","type":"CLICK","clickPositionType":"USER_SELECTED","x":169,"y":69,"pressDuration":125},"intentExtras":[],"eventsToggle":[]},{"action":{"id":66,"eventId":9,"priority":1,"name":"延迟","type":"PAUSE","pauseDuration":3000},"intentExtras":[],"eventsToggle":[]}],"conditions":[{"id":21,"eventId":9,"name":"二级选择界面的返回","type":"ON_IMAGE_DETECTED","priority":0,"path":"Condition_1873960097","areaLeft":142,"areaTop":37,"areaRight":189,"areaBottom":86,"threshold":4,"detectionType":1,"shouldBeDetected":true},{"id":22,"eventId":9,"name":"第二个选择界面左侧的标志","type":"ON_IMAGE_DETECTED","priority":1,"path":"Condition_433151294","areaLeft":111,"areaTop":456,"areaRight":217,"areaBottom":630,"threshold":20,"detectionType":1,"shouldBeDetected":false},{"id":23,"eventId":9,"name":"第二个选择界面右上角的标志","type":"ON_IMAGE_DETECTED","priority":2,"path":"Condition_-976655641","areaLeft":2074,"areaTop":42,"areaRight":2127,"areaBottom":83,"threshold":4,"detectionType":1,"shouldBeDetected":true},{"id":24,"eventId":9,"name":"检测是否做过剧情","type":"ON_IMAGE_DETECTED","priority":3,"path":"Condition_-1082745685","areaLeft":1281,"areaTop":288,"areaRight":1372,"areaBottom":327,"threshold":4,"detectionType":1,"shouldBeDetected":false}]},{"event":{"id":10,"scenarioId":1,"name":"领取奖励2（这个有点问题但不影响脚本，毕竟回退那个也会点）","conditionOperator":1,"priority":4,"type":"IMAGE_EVENT","keepDetecting":false},"actions":[{"action":{"id":68,"eventId":10,"name":"点击","type":"CLICK","clickPositionType":"USER_SELECTED","x":1086,"y":807,"pressDuration":125},"intentExtras":[],"eventsToggle":[]}],"conditions":[{"id":25,"eventId":10,"name":"默认条件","type":"ON_IMAGE_DETECTED","priority":0,"path":"Condition_-290497026","areaLeft":1122,"areaTop":607,"areaRight":1276,"areaBottom":651,"threshold":20,"detectionType":1,"shouldBeDetected":true}]}]}}